id,arr,first_name,last_name,email,gender,country,state,city,street_address,zipcode
1,23503,Hendrika,Spear,hspear0@jugem.jp,Female,United States,Georgia,Cumming,0 Ohio Pass,30130
2,34567,Shurlocke,Parrish,sparrish1@cpanel.net,Male,United States,Pennsylvania,Erie,59 Maple Wood Crossing,16550
3,71754,Siobhan,Gould,sgould2@pinterest.com,Female,United States,New York,New York City,4148 Holmberg Street,10150
4,882,Ferguson,Mitie,fmitie3@geocities.com,Male,United States,Alabama,Montgomery,8 Waxwing Center,36109
5,26879,Beck,Kenyon,bkenyon4@seattletimes.com,Male,United States,Alabama,Huntsville,4238 Lerdahl Hill,35805
6,35683,Mattie,Wicklen,mwicklen5@eepurl.com,Female,Canada,Nouveau-Brunswick,Bouctouche,146 Mitchell Hill,E4S
7,23663,Lucienne,Dibben,ldibben6@cornell.edu,Female,United States,Missouri,Saint Louis,7 Crescent Oaks Avenue,63150
8,134632,Juliette,Clendening,jclendening7@ebay.com,Female,United States,Nevada,Carson City,8 Ridge Oak Center,89714
9,1346,Verney,Scritch,vscritch8@twitter.com,Male,United States,New York,New York City,79 Blaine Point,10125
10,13346,Lambert,Brockwell,lbrockwell9@fc2.com,Male,United States,Florida,Pensacola,124 Almo Lane,32505
11,98967,Arlin,Sedgman,asedgmana@example.com,Male,Canada,Manitoba,Minnedosa,418 Roth Drive,N3E
12,6780,Prue,MacDonell,pmacdonellb@latimes.com,Female,United States,California,Oakland,57210 Vahlen Hill,94611
13,937622,Matthew,McClure,mmcclurec@ucsd.edu,Male,United States,New York,Bronx,88814 Porter Point,10464
14,5873,Wendy,Sargant,wsargantd@weather.com,Female,United States,California,Los Angeles,7286 Bartillon Junction,90040
15,33884,Chicky,Lyon,clyone@cocolog-nifty.com,Male,United States,Florida,Clearwater,8759 Muir Alley,34629
16,388934,Glory,Rubinivitz,grubinivitzf@is.gd,Female,Canada,Ontario,Powassan,6799 Tennyson Alley,E3G
17,38945,Pavel,Rudolf,prudolfg@hao123.com,Male,United States,Ohio,Cincinnati,088 Banding Alley,45213
18,9587,Gabriell,Postan,gpostanh@psu.edu,Female,Canada,Québec,Varennes,8504 Chive Place,J3X
19,7456,Scott,Colmore,scolmorei@free.fr,Male,Canada,Saskatchewan,Saskatoon,99383 Larry Junction,S7W
20,2435,Elaine,Podd,epoddj@reddit.com,Female,United States,California,Sacramento,3690 Old Shore Point,95852
21,8765,Stefania,Belasco,sbelascok@odnoklassniki.ru,Female,United States,Ohio,Cincinnati,9910 Meadow Valley Trail,45208
22,345,Mitzi,Kubec,mkubecl@gizmodo.com,Female,Canada,Alberta,Swan Hills,4 Crowley Park,L2T
23,756,Amity,Faley,afaleym@europa.eu,Female,Canada,Saskatchewan,Kamsack,55 Nelson Plaza,R2J
24,95765,Bekki,Barlace,bbarlacen@bloglovin.com,Female,United States,Georgia,Albany,6812 Hanson Circle,31704
25,2345,Melli,Bleasdille,mbleasdilleo@google.es,Female,United States,Florida,Miami Beach,3 Macpherson Drive,33141
26,7564,Karilynn,Dranfield,kdranfieldp@slashdot.org,Female,Canada,Québec,Repentigny,55942 Golf View Road,J6V
27,2345,Avram,Neighbour,aneighbourq@columbia.edu,Male,United States,Alabama,Montgomery,12 Mcbride Park,36177
28,357,Sammie,Catenot,scatenotr@microsoft.com,Male,United States,New York,New York City,46 Ridgeview Point,10125
29,4876,Barbaraanne,Phizacklea,bphizackleas@soup.io,Female,United States,North Carolina,Greensboro,5 Summerview Avenue,27455
30,2346,Norine,Petersen,npetersent@liveinternet.ru,Female,United States,Texas,San Antonio,3764 Namekagon Place,78215
31,3567,Georgianne,Petrolli,gpetrolliu@nsw.gov.au,Female,United States,Pennsylvania,Erie,04 Kenwood Street,16550
32,234243,Mordecai,Budgeon,mbudgeonv@craigslist.org,Male,United States,Tennessee,Johnson City,5479 Dahle Pass,37605
33,34564,Evyn,Keyworth,ekeyworthw@51.la,Male,United States,Texas,Bryan,194 Arkansas Drive,77806
34,45685,Lin,O'Donnell,lodonnellx@photobucket.com,Female,Canada,Québec,Lavaltrie,23 Sundown Lane,J5T
35,530894,Brucie,Zorn,bzorny@twitpic.com,Male,United States,Ohio,Cincinnati,6049 Jackson Terrace,45213
36,652437,Domingo,Tysack,dtysackz@sciencedirect.com,Male,United States,Texas,Austin,14933 Larry Terrace,78703
37,2764,Gnni,Ruckman,gruckman10@xrea.com,Female,United States,Ohio,Akron,2 Evergreen Parkway,44310
38,965,Manya,Wicher,mwicher11@reddit.com,Female,Canada,Ontario,Ajax,1810 Bartillon Road,L1Z
39,3875,Roxanna,Cunnow,rcunnow12@columbia.edu,Female,United States,Florida,Naples,73 Clove Plaza,34114
40,2984,Shara,Filewood,sfilewood13@google.com.br,Female,United States,Colorado,Denver,8489 Stoughton Street,80249
41,3479,Roma,Mundle,rmundle14@weather.com,Male,Canada,Alberta,High Prairie,3028 Pine View Crossing,L8N
42,6472,Kaiser,Joselin,kjoselin15@arizona.edu,Male,Canada,Québec,L'Île-Perrot,6 Melrose Hill,H9X
43,8475,Frank,Headey,fheadey16@bizjournals.com,Male,Canada,Québec,Acton Vale,5 Florence Way,G0E
44,25097,Averyl,Chatfield,achatfield17@linkedin.com,Female,United States,New York,New York City,243 Huxley Alley,10125
45,293,Diane-marie,McCarlich,dmccarlich18@storify.com,Female,United States,Texas,Dallas,7070 Maple Place,75205
46,56890,Fredric,Catterell,fcatterell19@dmoz.org,Male,Canada,Ontario,Niagara Falls,0847 Golf Course Court,L2J
47,63478,Packston,Cory,pcory1a@cam.ac.uk,Male,United States,Virginia,Richmond,5 Rockefeller Circle,23242
48,968,Kara,Biggerdike,kbiggerdike1b@reverbnation.com,Female,United States,Alaska,Anchorage,702 Spohn Way,99522
49,2309,Viv,Prine,vprine1c@bloglines.com,Female,United States,Pennsylvania,Allentown,7177 Meadow Ridge Terrace,18105
50,90864,Juanita,Melchior,jmelchior1d@dion.ne.jp,Female,Canada,Ontario,Markham,4 Hoepker Way,L6E
51,34267,Andres,Bamlett,abamlett1e@live.com,Male,United States,Virginia,Reston,8941 Welch Plaza,22096
52,3567,Garwood,Blackaller,gblackaller1f@edublogs.org,Male,Canada,Ontario,Mississauga,51 Warbler Junction,L5W
53,5789,Tracy,Egell,tegell1g@discuz.net,Male,United States,Pennsylvania,Philadelphia,8501 Bunting Way,19151
54,3461,Lizbeth,Gummory,lgummory1h@ftc.gov,Female,United States,Tennessee,Memphis,73799 Prairieview Hill,38126
55,7694,Lavina,Sywell,lsywell1i@histats.com,Female,Canada,Alberta,Fox Creek,35879 Jenna Pass,E4B
56,143,Todd,Featherstonhaugh,tfeatherstonhaugh1j@hubpages.com,Male,United States,California,Carlsbad,755 Reinke Place,92013
57,679,Janeta,Ryman,jryman1k@constantcontact.com,Female,Canada,Saskatchewan,Nipawin,27922 Grover Terrace,V9B
58,2135,Alasdair,Deem,adeem1l@sitemeter.com,Male,United States,New Jersey,Newark,7064 Cambridge Place,7112
59,4678,Waldon,Eller,weller1m@cloudflare.com,Male,United States,Florida,Tampa,77058 Debra Alley,33661
60,12,Ediva,Vonasek,evonasek1n@php.net,Female,United States,Florida,Tampa,682 Sloan Drive,33673
61,23579,Miguel,Swayland,mswayland1o@cbsnews.com,Male,Canada,New Brunswick,Moncton,20 Westport Crossing,E1C
62,753,Hy,Stickings,hstickings1p@tmall.com,Male,Canada,Ontario,Kirkland Lake,3 Paget Center,P2N
63,43098,Bryn,Whiteway,bwhiteway1q@twitpic.com,Female,Canada,Ontario,Wingham,1 Crest Line Court,T5K
64,782459,Darryl,Bettleson,dbettleson1r@bravesites.com,Male,Canada,Ontario,South River,88318 Drewry Pass,P3Y
65,9147,Tomas,McCready,tmccready1s@vistaprint.com,Male,United States,North Carolina,Greensboro,5 Cordelia Circle,27404
66,91746,Arman,Maudett,amaudett1t@unicef.org,Male,United States,Texas,Denton,366 Hoard Circle,76205
67,91764,Lek,Jakubovits,ljakubovits1u@prnewswire.com,Male,United States,Florida,Miami,890 Mendota Way,33175
68,79524,Britteny,Postians,bpostians1v@google.co.jp,Female,Canada,Québec,Mont-Laurier,694 Dahle Drive,J9L
69,7295,Pierce,Mc Caughan,pmccaughan1w@yahoo.co.jp,Male,United States,Arizona,Tempe,35 Upham Road,85284
70,297456,Hall,Feuell,hfeuell1x@springer.com,Male,United States,Alabama,Montgomery,4 Nelson Place,36109
71,1749,Robinette,Lortz,rlortz1y@redcross.org,Female,Canada,Québec,East Angus,345 Hovde Plaza,N2B
72,129675,Wright,Mumm,wmumm1z@epa.gov,Male,United States,Tennessee,Kingsport,0149 Mayfield Park,37665
73,1754,Findley,Aspray,faspray20@feedburner.com,Male,United States,Hawaii,Honolulu,55 Swallow Crossing,96805
74,79254,Mattie,Glover,mglover21@reverbnation.com,Female,Canada,British Columbia,Smithers,265 Ridge Oak Road,P3N
75,7915,Ewart,Grey,egrey22@oracle.com,Male,United States,North Carolina,Raleigh,90155 Mandrake Crossing,27690
76,9267,Zahara,Beddall,zbeddall23@slashdot.org,Female,Canada,New Brunswick,Fredericton,5 Waywood Alley,E3G
77,7842,Dennie,Hartle,dhartle24@pagesperso-orange.fr,Female,United States,California,Sacramento,7414 Maple Wood Center,95852
78,1396,Rory,Comfort,rcomfort25@51.la,Female,United States,Texas,Katy,262 Continental Point,77493
79,20865,Nick,Boullin,nboullin26@hp.com,Male,Canada,Alberta,Penhold,751 South Parkway,L2E
80,15,Vanni,Ephson,vephson27@yelp.com,Female,United States,Iowa,Des Moines,95607 Badeau Point,50362
81,7439,Mia,Rosen,mrosen28@ftc.gov,Female,United States,Florida,Orlando,0 Acker Circle,32885
82,1643,Bernardine,Burbridge,bburbridge29@google.com,Female,United States,Texas,Austin,5377 Forest Trail,78737
83,963147,Van,Rosenstein,vrosenstein2a@alexa.com,Female,United States,Florida,Tampa,69 Mccormick Trail,33680
84,78915,Anselma,McIlwrick,amcilwrick2b@google.es,Female,Canada,Ontario,Petrolia,0 Sunfield Center,N0N
85,8476,Jobyna,Caneo,jcaneo2c@webs.com,Female,Canada,Ontario,Pickering,9 Starling Point,L1X
86,2645,Darryl,Pleavin,dpleavin2d@slashdot.org,Male,United States,Minnesota,Rochester,51664 Donald Drive,55905
87,1345,Ruthy,Gooderridge,rgooderridge2e@washington.edu,Female,United States,California,Pasadena,9172 Cordelia Drive,91103
88,7356,Berk,Warboy,bwarboy2f@fema.gov,Male,Canada,British Columbia,Pemberton,8 Monterey Parkway,E1W
89,1534,Delly,Tarte,dtarte2g@squarespace.com,Female,Canada,Québec,Baie-Comeau,31418 Lien Pass,K1M
90,3756,Peyter,Rein,prein2h@ibm.com,Male,United States,Georgia,Lawrenceville,79 Alpine Hill,30245
91,153,Clive,Blanchet,cblanchet2i@feedburner.com,Male,United States,New York,Buffalo,0136 Kennedy Lane,14276
92,3657,Ellary,Botham,ebotham2j@latimes.com,Male,Canada,Saskatchewan,Nipawin,44 Nelson Point,V9B
93,3525,Ardyce,Hiers,ahiers2k@goo.gl,Female,United States,Massachusetts,Boston,3 Everett Road,2283
94,3865,Morty,Iacofo,miacofo2l@tuttocitta.it,Male,United States,Texas,Tyler,02514 Loomis Terrace,75710
95,8756,Appolonia,Krabbe,akrabbe2m@ezinearticles.com,Female,United States,Ohio,Cincinnati,109 Portage Parkway,45254
96,7986,Bear,Loukes,bloukes2n@usda.gov,Male,United States,Alabama,Birmingham,48604 John Wall Crossing,35215
97,2643,Richmond,MacCombe,rmaccombe2o@squidoo.com,Male,United States,Nevada,Las Vegas,84 Blue Bill Park Point,89178
98,56886,Evvy,McKerrow,emckerrow2p@github.io,Female,Canada,British Columbia,Port Moody,608 Maple Wood Street,V3H
99,13547,Auguste,Caizley,acaizley2q@opera.com,Female,United States,Oregon,Portland,8289 Larry Hill,97211
100,45873,Dana,Mulqueeny,dmulqueeny2r@people.com.cn,Male,United States,Ohio,Cincinnati,57433 Lake View Place,45264